<?xml version="1.0" encoding="UTF-8"?>
<!-- Generated by JClic - https://projectestac.github.io/jclic -->
<manifest identifier="JClic-AAEE29" version="1.0" xmlns="http://www.imsproject.org/xsd/imscp_rootv1p1p2" xmlns:adlcp="http://www.adlnet.org/xsd/adlcp_rootv1p2" xmlns:xsi="http://www.w3.org/2001/XMLSchema-instance" xsi:schemaLocation= "http://www.imsproject.org/xsd/imscp_rootv1p1p2 imscp_rootv1p1p2.xsd http://www.imsglobal.org/xsd/imsmd_rootv1p2p1 imsmd_rootv1p2p1.xsd http://www.adlnet.org/xsd/adlcp_rootv1p2 adlcp_rootv1p2.xsd">
 <metadata> 
  <schema>ADL SCORM</schema>
  <schemaversion>1.2</schemaversion>
 </metadata> 
 <organizations default="JClic">  
  <organization identifier="JClic">  
   <title>Regiones Argentinas</title>
   <item identifier="ITEM_JClic-AAEE29" identifierref="RES_JClic-AAEE29">
    <title>Regiones Argentinas</title>
   </item>
  </organization>
 </organizations>
 <resources>
  <resource identifier="RES_JClic-AAEE29" type="webcontent" href="/index.html" adlcp:scormtype="sco"> 
   <file href="16-regionesa1.jpg"/>
   <file href="16.jpg"/>
   <file href="192-regionesa1.jpg"/>
   <file href="192.jpg"/>
   <file href="72-regionesa1.jpg"/>
   <file href="72.jpg"/>
   <file href="argentina-regiones.png"/>
   <file href="argentina-regionesa1.png"/>
   <file href="argentina.png"/>
   <file href="caratula-regionesa1.jpg"/>
   <file href="caratula.jpg"/>
   <file href="cuyo-regiones.png"/>
   <file href="cuyo-regionesa1.png"/>
   <file href="cuyo.png"/>
   <file href="grafico-argentina-regioneseconomicas-regionesa1.jpg"/>
   <file href="grafico-argentina-regioneseconomicas.jpg"/>
   <file href="imsmanifest.xml"/>
   <file href="index.html"/>
   <file href="logo109-_2020.svg.png"/>
   <file href="miniatura-regionesa1.jpg"/>
   <file href="miniatura.jpg"/>
   <file href="nea-regiones.png"/>
   <file href="nea-regionesa1.png"/>
   <file href="nea.png"/>
   <file href="no-regiones.png"/>
   <file href="no-regionesa1.png"/>
   <file href="no.png"/>
   <file href="noa-regiones.png"/>
   <file href="noa-regionesa1.png"/>
   <file href="noa.png"/>
   <file href="pampeana-regiones.png"/>
   <file href="pampeana-regionesa1.png"/>
   <file href="pampeana.png"/>
   <file href="patagonia-regiones.png"/>
   <file href="patagonia-regionesa1.png"/>
   <file href="patagonia.png"/>
   <file href="project.json"/>
   <file href="regiones.jclic"/>
   <file href="regiones.jclic.js"/>
   <file href="regionesa.jclic"/>
   <file href="regionesa.jclic.js"/>
   <file href="regionesa1.jclic"/>
   <file href="regionesa1.jclic.js"/>
   <file href="servidor300-regionesa1.png"/>
   <file href="servidor300.png"/>
  </resource>
 </resources>
</manifest>