<?xml version="1.0" encoding="UTF-8" standalone="yes"?>
<?mso-application progid="Word.Document"?>
<w:wordDocument xmlns:w="http://schemas.microsoft.com/office/word/2003/wordml" xmlns:v="urn:schemas-microsoft-com:vml" xmlns:w10="urn:schemas-microsoft-com:office:word" xmlns:sl="http://schemas.microsoft.com/schemaLibrary/2003/core" xmlns:aml="http://schemas.microsoft.com/aml/2001/core" xmlns:wx="http://schemas.microsoft.com/office/word/2003/auxHint" xmlns:o="urn:schemas-microsoft-com:office:office" xmlns:dt="uuid:C2F41010-65B3-11d1-A29F-00AA00C14882" xmlns:wsp="http://schemas.microsoft.com/office/word/2003/wordml/sp2" w:macrosPresent="no" w:embeddedObjPresent="no" w:ocxPresent="no" xml:space="preserve"><w:ignoreElements w:val="http://schemas.microsoft.com/office/word/2003/wordml/sp2"/><o:DocumentProperties><o:Title>Tratados de Integracion</o:Title><o:Author>Fernando Pelillo</o:Author><o:LastAuthor>Fernando Pelillo</o:LastAuthor><o:Revision>2</o:Revision><o:TotalTime>0</o:TotalTime><o:Created>2009-06-25T04:37:00Z</o:Created><o:LastSaved>2009-06-25T04:37:00Z</o:LastSaved><o:Pages>1</o:Pages><o:Words>2438</o:Words><o:Characters>13412</o:Characters><o:Company>ArgenClic</o:Company><o:Lines>111</o:Lines><o:Paragraphs>31</o:Paragraphs><o:CharactersWithSpaces>15819</o:CharactersWithSpaces><o:Version>11.0000</o:Version></o:DocumentProperties><w:fonts><w:defaultFonts w:ascii="Times New Roman" w:fareast="Times New Roman" w:h-ansi="Times New Roman" w:cs="Times New Roman"/></w:fonts><w:styles><w:versionOfBuiltInStylenames w:val="4"/><w:latentStyles w:defLockedState="off" w:latentStyleCount="156"/><w:style w:type="paragraph" w:default="on" w:styleId="Normal"><w:name w:val="Normal"/><w:rPr><wx:font wx:val="Times New Roman"/><w:color w:val="000000"/><w:sz w:val="24"/><w:sz-cs w:val="24"/><w:lang w:val="ES" w:fareast="ES" w:bidi="AR-SA"/></w:rPr></w:style><w:style w:type="character" w:default="on" w:styleId="Fuentedeprrafopredeter"><w:name w:val="Default Paragraph Font"/><wx:uiName wx:val="Fuente de párrafo predeter."/><w:semiHidden/></w:style><w:style w:type="table" w:default="on" w:styleId="Tablanormal"><w:name w:val="Normal Table"/><wx:uiName wx:val="Tabla normal"/><w:semiHidden/><w:rPr><wx:font wx:val="Times New Roman"/></w:rPr><w:tblPr><w:tblInd w:w="0" w:type="dxa"/><w:tblCellMar><w:top w:w="0" w:type="dxa"/><w:left w:w="108" w:type="dxa"/><w:bottom w:w="0" w:type="dxa"/><w:right w:w="108" w:type="dxa"/></w:tblCellMar></w:tblPr></w:style><w:style w:type="list" w:default="on" w:styleId="Sinlista"><w:name w:val="No List"/><wx:uiName wx:val="Sin lista"/><w:semiHidden/></w:style><w:style w:type="character" w:styleId="Hipervnculo"><w:name w:val="Hyperlink"/><wx:uiName wx:val="Hipervínculo"/><w:basedOn w:val="Fuentedeprrafopredeter"/><w:rPr><w:color w:val="800000"/><w:u w:val="single"/></w:rPr></w:style><w:style w:type="character" w:styleId="Hipervnculovisitado"><w:name w:val="FollowedHyperlink"/><wx:uiName wx:val="Hipervínculo visitado"/><w:basedOn w:val="Fuentedeprrafopredeter"/><w:rPr><w:color w:val="800080"/><w:u w:val="single"/></w:rPr></w:style><w:style w:type="paragraph" w:styleId="NormalWeb"><w:name w:val="Normal (Web)"/><w:basedOn w:val="Normal"/><w:pPr><w:pStyle w:val="NormalWeb"/><w:spacing w:before="100" w:before-autospacing="on" w:after="100" w:after-autospacing="on"/></w:pPr><w:rPr><wx:font wx:val="Times New Roman"/></w:rPr></w:style></w:styles><w:shapeDefaults><o:shapedefaults v:ext="edit" spidmax="2050"/><o:shapelayout v:ext="edit"><o:idmap v:ext="edit" data="1"/></o:shapelayout></w:shapeDefaults><w:bgPict><w:background w:bgcolor="#CEC6FF"/></w:bgPict><w:docPr><w:view w:val="web"/><w:zoom w:val="best-fit" w:percent="148"/><w:attachedTemplate w:val=""/><w:defaultTabStop w:val="708"/><w:hyphenationZone w:val="425"/><w:characterSpacingControl w:val="DontCompress"/><w:optimizeForBrowser/><w:validateAgainstSchema/><w:saveInvalidXML w:val="off"/><w:ignoreMixedContent w:val="off"/><w:alwaysShowPlaceholderText w:val="off"/><w:compat/><wsp:rsids><wsp:rsidRoot wsp:val="00980966"/><wsp:rsid wsp:val="00435A77"/><wsp:rsid wsp:val="00553648"/><wsp:rsid wsp:val="00980966"/><wsp:rsid wsp:val="00F6181E"/></wsp:rsids></w:docPr><w:body><wx:sect><w:p wsp:rsidR="00000000" wsp:rsidRDefault="00F6181E"><w:pPr><w:pStyle w:val="NormalWeb"/><w:jc w:val="center"/><w:rPr><w:lang w:val="ES-AR"/></w:rPr></w:pPr><w:r><w:rPr><w:b/><w:b-cs/><w:lang w:val="ES-AR"/></w:rPr><w:t>REGLAMENTO DEL PROTOCOLO DE BRASILIA PARA LA SOLUCIÓN DE CONTROVERSIAS</w:t></w:r></w:p><w:p wsp:rsidR="00000000" wsp:rsidRDefault="00F6181E"><w:pPr><w:pStyle w:val="NormalWeb"/><w:jc w:val="center"/><w:rPr><w:lang w:val="ES-AR"/></w:rPr></w:pPr><w:r><w:rPr><w:b/><w:b-cs/><w:lang w:val="ES-AR"/></w:rPr><w:t>DECISIÓN DEL CONSEJO DEL MERCADO COMÚN N° 17/98</w:t></w:r></w:p><w:p wsp:rsidR="00000000" wsp:rsidRDefault="00F6181E"><w:pPr><w:pStyle w:val="NormalWeb"/><w:jc w:val="center"/><w:rPr><w:lang w:val="ES-AR"/></w:rPr></w:pPr><w:r><w:rPr><w:b/><w:b-cs/><w:lang w:val="ES-AR"/></w:rPr><w:t>Río de Janeiro, 10 de diciembre de 1998</w:t></w:r></w:p><w:p wsp:rsidR="00000000" wsp:rsidRDefault="00F6181E"><w:pPr><w:pStyle w:val="NormalWeb"/><w:rPr><w:lang w:val="ES-AR"/></w:rPr></w:pPr><w:r><w:rPr><w:lang w:val="ES-AR"/></w:rPr><w:t>"</w:t></w:r><w:r><w:rPr><w:b/><w:b-cs/><w:lang w:val="ES-AR"/></w:rPr><w:t>VISTO:</w:t></w:r><w:r><w:rPr><w:lang w:val="ES-AR"/></w:rPr><w:t> El Tratado de Asunción, el Protocolo de Brasilia para la Solució</w:t></w:r><w:r><w:rPr><w:lang w:val="ES-AR"/></w:rPr><w:t>n de Controversias y el Protocolo de Ouro Preto. </w:t></w:r></w:p><w:p wsp:rsidR="00000000" wsp:rsidRDefault="00F6181E"><w:pPr><w:pStyle w:val="NormalWeb"/><w:rPr><w:lang w:val="ES-AR"/></w:rPr></w:pPr><w:r><w:rPr><w:b/><w:b-cs/><w:lang w:val="ES-AR"/></w:rPr><w:t>CONSIDERANDO:</w:t></w:r></w:p><w:p wsp:rsidR="00000000" wsp:rsidRDefault="00F6181E"><w:pPr><w:pStyle w:val="NormalWeb"/><w:rPr><w:lang w:val="ES-AR"/></w:rPr></w:pPr><w:r><w:rPr><w:lang w:val="ES-AR"/></w:rPr><w:t>La conveniencia de reglamentar el Protocolo de Brasilia para la Solución de Controversias con el fin de asegurar la creciente efectividad de los mecanismos de solución de controversias del MER</w:t></w:r><w:r><w:rPr><w:lang w:val="ES-AR"/></w:rPr><w:t>COSUR y de garantizar la seguridad jurídica del proceso de integración; </w:t></w:r></w:p><w:p wsp:rsidR="00000000" wsp:rsidRDefault="00F6181E"><w:pPr><w:pStyle w:val="NormalWeb"/><w:jc w:val="center"/><w:rPr><w:lang w:val="ES-AR"/></w:rPr></w:pPr><w:r><w:rPr><w:b/><w:b-cs/><w:lang w:val="ES-AR"/></w:rPr><w:t>EL CONSEJO DEL MERCADO COMÚN DECIDE:</w:t></w:r></w:p><w:p wsp:rsidR="00000000" wsp:rsidRDefault="00F6181E"><w:pPr><w:pStyle w:val="NormalWeb"/><w:rPr><w:lang w:val="ES-AR"/></w:rPr></w:pPr><w:r><w:rPr><w:lang w:val="ES-AR"/></w:rPr><w:t>Art. 1 Aprobar el "Reglamento del Protocolo de Brasilia para la Solución de Controversias", en sus versiones en español y portugués, que consta co</w:t></w:r><w:r><w:rPr><w:lang w:val="ES-AR"/></w:rPr><w:t>mo Anexo y forma parte de la presente Decisión.</w:t></w:r></w:p><w:p wsp:rsidR="00000000" wsp:rsidRDefault="00F6181E"><w:pPr><w:pStyle w:val="NormalWeb"/><w:jc w:val="center"/><w:rPr><w:lang w:val="ES-AR"/></w:rPr></w:pPr><w:r><w:rPr><w:b/><w:b-cs/><w:lang w:val="ES-AR"/></w:rPr><w:t>REGLAMENTO DEL PROTOCOLO DE BRASILIA PARA</w:t></w:r><w:r><w:rPr><w:b/><w:b-cs/><w:lang w:val="ES-AR"/></w:rPr><w:br/><w:t>LA SOLUCIÓN DE CONTROVERSIAS</w:t></w:r></w:p><w:p wsp:rsidR="00000000" wsp:rsidRDefault="00F6181E"><w:pPr><w:pStyle w:val="NormalWeb"/><w:rPr><w:lang w:val="ES-AR"/></w:rPr></w:pPr><w:r><w:rPr><w:b/><w:b-cs/><w:lang w:val="ES-AR"/></w:rPr><w:t>Artículo 1.</w:t></w:r><w:r><w:rPr><w:lang w:val="ES-AR"/></w:rPr><w:t> Las Directivas de la Comisión de Comercio, de conformidad a lo establecido en el artículo 43 del Protocolo de Ouro Preto, est</w:t></w:r><w:r><w:rPr><w:lang w:val="ES-AR"/></w:rPr><w:t>án incorporadas a los artículos 1, 19 y 25 del Protocolo de Brasilia. </w:t></w:r></w:p><w:p wsp:rsidR="00000000" wsp:rsidRDefault="00F6181E"><w:pPr><w:pStyle w:val="NormalWeb"/><w:rPr><w:lang w:val="ES-AR"/></w:rPr></w:pPr><w:r><w:rPr><w:b/><w:b-cs/><w:lang w:val="ES-AR"/></w:rPr><w:t>Artículo 2.</w:t></w:r><w:r><w:rPr><w:lang w:val="ES-AR"/></w:rPr><w:t> Las negociaciones directas a que hace referencia el artículo 2 del Protocolo de Brasilia serán conducidas a través de los Coordinadores Nacionales del Grupo Mercado Común de</w:t></w:r><w:r><w:rPr><w:lang w:val="ES-AR"/></w:rPr><w:t> los Estados Partes en la controversia. </w:t></w:r></w:p><w:p wsp:rsidR="00000000" wsp:rsidRDefault="00F6181E"><w:pPr><w:pStyle w:val="NormalWeb"/><w:rPr><w:lang w:val="ES-AR"/></w:rPr></w:pPr><w:r><w:rPr><w:b/><w:b-cs/><w:lang w:val="ES-AR"/></w:rPr><w:t>Artículo 3.</w:t></w:r><w:r><w:rPr><w:lang w:val="ES-AR"/></w:rPr><w:t> El plazo de quince (15) días establecido en el artículo 3.2 del Protocolo de Brasilia se contará desde la fecha en que el Estado Parte que plantea la controversia la comunique al otro u otros Estados Par</w:t></w:r><w:r><w:rPr><w:lang w:val="ES-AR"/></w:rPr><w:t>tes involucrados. Dicha comunicación se cursará por intermedio de los Coordinadores Nacionales del Grupo Mercado Común. </w:t></w:r></w:p><w:p wsp:rsidR="00000000" wsp:rsidRDefault="00F6181E"><w:pPr><w:pStyle w:val="NormalWeb"/><w:rPr><w:lang w:val="ES-AR"/></w:rPr></w:pPr><w:r><w:rPr><w:b/><w:b-cs/><w:lang w:val="ES-AR"/></w:rPr><w:t>Artículo 4.</w:t></w:r><w:r><w:rPr><w:lang w:val="ES-AR"/></w:rPr><w:t> El Estado Parte que, conforme al artículo 4.1 del Protocolo de Brasilia, decida someter la controversia a consideración del</w:t></w:r><w:r><w:rPr><w:lang w:val="ES-AR"/></w:rPr><w:t> Grupo Mercado Común, podrá hacerlo en una reunión ordinaria o extraordinaria de ese órgano. </w:t></w:r></w:p><w:p wsp:rsidR="00000000" wsp:rsidRDefault="00F6181E"><w:pPr><w:pStyle w:val="NormalWeb"/><w:rPr><w:lang w:val="ES-AR"/></w:rPr></w:pPr><w:r><w:rPr><w:lang w:val="ES-AR"/></w:rPr><w:t>Si faltaren más de cuarenta y cinco (45) días para la celebración de las reuniones mencionadas en el párrafo anterior, el Estado Parte podrá solicitar que el Grup</w:t></w:r><w:r><w:rPr><w:lang w:val="ES-AR"/></w:rPr><w:t>o Mercado Común se reúna en forma extraordinaria. </w:t></w:r></w:p><w:p wsp:rsidR="00000000" wsp:rsidRDefault="00F6181E"><w:pPr><w:pStyle w:val="NormalWeb"/><w:rPr><w:lang w:val="ES-AR"/></w:rPr></w:pPr><w:r><w:rPr><w:lang w:val="ES-AR"/></w:rPr><w:t>El Estado Parte que plantea la controversia deberá presentarla a la Presidencia Pro Tempore del Grupo Mercado Común, por escrito y acompañada de la documentación correspondiente, con diez (10) días de anti</w:t></w:r><w:r><w:rPr><w:lang w:val="ES-AR"/></w:rPr><w:t>cipación a la fecha de inicio de la reunión, para que se incluya el tema en la agenda. </w:t></w:r></w:p><w:p wsp:rsidR="00000000" wsp:rsidRDefault="00F6181E"><w:pPr><w:pStyle w:val="NormalWeb"/><w:rPr><w:lang w:val="ES-AR"/></w:rPr></w:pPr><w:r><w:rPr><w:b/><w:b-cs/><w:lang w:val="ES-AR"/></w:rPr><w:t>Artículo 5.</w:t></w:r><w:r><w:rPr><w:lang w:val="ES-AR"/></w:rPr><w:t> Cuando el Grupo Mercado Común considere necesario requerir el asesoramiento de expertos, según lo establecido en el artículo 4.2 del Protocolo de Brasilia, </w:t></w:r><w:r><w:rPr><w:lang w:val="ES-AR"/></w:rPr><w:t>la designación de los mismos se regulará de conformidad a lo establecido en el artículo 30 de dicho Protocolo. Al efectuar la designación de los expertos, el Grupo Mercado Común definirá el mandato y el plazo al cual deberán ajustarse. </w:t></w:r></w:p><w:p wsp:rsidR="00000000" wsp:rsidRDefault="00F6181E"><w:pPr><w:pStyle w:val="NormalWeb"/><w:rPr><w:lang w:val="ES-AR"/></w:rPr></w:pPr><w:r><w:rPr><w:b/><w:b-cs/><w:lang w:val="ES-AR"/></w:rPr><w:t>Artículo 6.</w:t></w:r><w:r><w:rPr><w:lang w:val="ES-AR"/></w:rPr><w:t> Los exp</w:t></w:r><w:r><w:rPr><w:lang w:val="ES-AR"/></w:rPr><w:t>ertos elevarán al Grupo Mercado Común un dictamen conjunto en el plazo que éste determine. Si no pudiera llegarse a un dictamen conjunto se remitirán, en el plazo establecido, las distintas conclusiones de los expertos. </w:t></w:r></w:p><w:p wsp:rsidR="00000000" wsp:rsidRDefault="00F6181E"><w:pPr><w:pStyle w:val="NormalWeb"/><w:rPr><w:lang w:val="ES-AR"/></w:rPr></w:pPr><w:r><w:rPr><w:b/><w:b-cs/><w:lang w:val="ES-AR"/></w:rPr><w:t>Artículo 7.</w:t></w:r><w:r><w:rPr><w:lang w:val="ES-AR"/></w:rPr><w:t> Los expertos previstos </w:t></w:r><w:r><w:rPr><w:lang w:val="ES-AR"/></w:rPr><w:t>en los artículos 4 y 29 del Protocolo de Brasilia, incluidos en la lista elaborada de acuerdo al artículo 30 de dicho Protocolo, al ser designados para actuar en un caso específico, firmarán una declaración de aceptación del cargo por la cual asumirán el c</w:t></w:r><w:r><w:rPr><w:lang w:val="ES-AR"/></w:rPr><w:t>ompromiso de actuar con independencia técnica, honestidad e imparcialidad en los términos establecidos en el siguiente texto, que deberá ser firmada y devuelta a la Secretaría Administrativa del Mercosur antes del inicio de los trabajos: </w:t></w:r></w:p><w:p wsp:rsidR="00000000" wsp:rsidRDefault="00F6181E"><w:pPr><w:pStyle w:val="NormalWeb"/><w:rPr><w:lang w:val="ES-AR"/></w:rPr></w:pPr><w:r><w:rPr><w:lang w:val="ES-AR"/></w:rPr><w:t>"Aceptando la des</w:t></w:r><w:r><w:rPr><w:lang w:val="ES-AR"/></w:rPr><w:t>ignación para actuar como experto, declaro no tener ningún interés en la controversia y que actuaré con independencia técnica, honestidad e imparcialidad en el presente procedimiento de solución de controversias entre ... y ... . </w:t></w:r></w:p><w:p wsp:rsidR="00000000" wsp:rsidRDefault="00F6181E"><w:pPr><w:pStyle w:val="NormalWeb"/><w:rPr><w:lang w:val="ES-AR"/></w:rPr></w:pPr><w:r><w:rPr><w:lang w:val="ES-AR"/></w:rPr><w:t>Me comprometo a mantener </w:t></w:r><w:r><w:rPr><w:lang w:val="ES-AR"/></w:rPr><w:t>el carácter reservado de todas las informaciones que vinieren a mi conocimiento en razón de mi participación en este procedimiento, así como también el contenido de mis conclusiones y del dictamen. </w:t></w:r></w:p><w:p wsp:rsidR="00000000" wsp:rsidRDefault="00F6181E"><w:pPr><w:pStyle w:val="NormalWeb"/><w:rPr><w:lang w:val="ES-AR"/></w:rPr></w:pPr><w:r><w:rPr><w:lang w:val="ES-AR"/></w:rPr><w:t>Me obligo asimismo, a no aceptar sugerencias o imposicion</w:t></w:r><w:r><w:rPr><w:lang w:val="ES-AR"/></w:rPr><w:t>es de terceros o de las partes, así como a no recibir ninguna remuneración relativa a esta actuación excepto aquella prevista en el Protocolo de Brasilia para la Solución de Controversias". </w:t></w:r></w:p><w:p wsp:rsidR="00000000" wsp:rsidRDefault="00F6181E"><w:pPr><w:pStyle w:val="NormalWeb"/><w:rPr><w:lang w:val="ES-AR"/></w:rPr></w:pPr><w:r><w:rPr><w:b/><w:b-cs/><w:lang w:val="ES-AR"/></w:rPr><w:t>Artículo 8. </w:t></w:r><w:r><w:rPr><w:lang w:val="ES-AR"/></w:rPr><w:t>Con el objeto de formular las recomendaciones a que h</w:t></w:r><w:r><w:rPr><w:lang w:val="ES-AR"/></w:rPr><w:t>ace referencia el artículo 5 del Protocolo de Brasilia, las Secciones Nacionales del Grupo Mercado Común harán los esfuerzos necesarios para sugerir propuestas tendientes a la solución de la controversia. </w:t></w:r></w:p><w:p wsp:rsidR="00000000" wsp:rsidRDefault="00F6181E"><w:pPr><w:pStyle w:val="NormalWeb"/><w:rPr><w:lang w:val="ES-AR"/></w:rPr></w:pPr><w:r><w:rPr><w:b/><w:b-cs/><w:lang w:val="ES-AR"/></w:rPr><w:t>Artículo 9.</w:t></w:r><w:r><w:rPr><w:lang w:val="ES-AR"/></w:rPr><w:t> Los Estados Partes en la controversia </w:t></w:r><w:r><w:rPr><w:lang w:val="ES-AR"/></w:rPr><w:t>nombrarán, de común acuerdo, además de los árbitros a que se refiere el artículo 9 del Protocolo de Brasilia, un árbitro suplente, que reúna los mismos requisitos del titular, para sustituir al tercer árbitro en caso de incapacidad o excusa de éste para fo</w:t></w:r><w:r><w:rPr><w:lang w:val="ES-AR"/></w:rPr><w:t>rmar el Tribunal Arbitral, ya sea en el momento de su instalación o durante el curso del procedimiento. </w:t></w:r></w:p><w:p wsp:rsidR="00000000" wsp:rsidRDefault="00F6181E"><w:pPr><w:pStyle w:val="NormalWeb"/><w:rPr><w:lang w:val="ES-AR"/></w:rPr></w:pPr><w:r><w:rPr><w:b/><w:b-cs/><w:lang w:val="ES-AR"/></w:rPr><w:t>Artículo 10.</w:t></w:r><w:r><w:rPr><w:lang w:val="ES-AR"/></w:rPr><w:t> Los Estados Partes en la controversia podrán, de común acuerdo, elegir el árbitro que les corresponda designar de la lista presentada por </w:t></w:r><w:r><w:rPr><w:lang w:val="ES-AR"/></w:rPr><w:t>la otra parte en la controversia. </w:t></w:r></w:p><w:p wsp:rsidR="00000000" wsp:rsidRDefault="00F6181E"><w:pPr><w:pStyle w:val="NormalWeb"/><w:rPr><w:lang w:val="ES-AR"/></w:rPr></w:pPr><w:r><w:rPr><w:b/><w:b-cs/><w:lang w:val="ES-AR"/></w:rPr><w:t>Artículo 11.</w:t></w:r><w:r><w:rPr><w:lang w:val="ES-AR"/></w:rPr><w:t> Si cualquiera de los Estados Partes en la controversia no hubiera nombrado su árbitro en el plazo de quince (15) días establecido en el artículo 9 del Protocolo de Brasilia, la designación será hecha por la S</w:t></w:r><w:r><w:rPr><w:lang w:val="ES-AR"/></w:rPr><w:t>ecretaría Administrativa del MERCOSUR, conforme al artículo 11 de dicho Protocolo, dentro de los tres (3) días siguientes al vencimiento de aquel plazo. </w:t></w:r></w:p><w:p wsp:rsidR="00000000" wsp:rsidRDefault="00F6181E"><w:pPr><w:pStyle w:val="NormalWeb"/><w:rPr><w:lang w:val="ES-AR"/></w:rPr></w:pPr><w:r><w:rPr><w:b/><w:b-cs/><w:lang w:val="ES-AR"/></w:rPr><w:t>Artículo 12. </w:t></w:r><w:r><w:rPr><w:lang w:val="ES-AR"/></w:rPr><w:t>No habiendo acuerdo para nombrar al tercer árbitro y/o su suplente, la Secretaría Adminis</w:t></w:r><w:r><w:rPr><w:lang w:val="ES-AR"/></w:rPr><w:t>trativa del MERCOSUR, a pedido de cualquiera de los Estados Partes en la controversia, procederá a la designación por sorteo a que se refiere el artículo 12 del Protocolo de Brasilia dentro de los tres (3) días siguientes a dicho pedido. </w:t></w:r></w:p><w:p wsp:rsidR="00000000" wsp:rsidRDefault="00F6181E"><w:pPr><w:pStyle w:val="NormalWeb"/><w:rPr><w:lang w:val="ES-AR"/></w:rPr></w:pPr><w:r><w:rPr><w:b/><w:b-cs/><w:lang w:val="ES-AR"/></w:rPr><w:t>Artículo 13.</w:t></w:r><w:r><w:rPr><w:lang w:val="ES-AR"/></w:rPr><w:t> Cada</w:t></w:r><w:r><w:rPr><w:lang w:val="ES-AR"/></w:rPr><w:t> Estado Parte podrá modificar en cualquier momento la nómina de expertos por él designados para conformar la lista del artículo 30 del Protocolo de Brasilia. Sin embargo, a partir del momento en que una controversia o reclamo sea sometida al Grupo Mercado </w:t></w:r><w:r><w:rPr><w:lang w:val="ES-AR"/></w:rPr><w:t>Común, conforme al artículo 4 del Protocolo de Brasilia, o recibida por este órgano, conforme al artículo 29 del Protocolo de Brasilia, los Estados Partes no podrán modificar para ese caso la lista comunicada con anterioridad a la Secretaría Administrativa</w:t></w:r><w:r><w:rPr><w:lang w:val="ES-AR"/></w:rPr><w:t> del MERCOSUR. </w:t></w:r></w:p><w:p wsp:rsidR="00000000" wsp:rsidRDefault="00F6181E"><w:pPr><w:pStyle w:val="NormalWeb"/><w:rPr><w:lang w:val="ES-AR"/></w:rPr></w:pPr><w:r><w:rPr><w:b/><w:b-cs/><w:lang w:val="ES-AR"/></w:rPr><w:t>Artículo 14.</w:t></w:r><w:r><w:rPr><w:lang w:val="ES-AR"/></w:rPr><w:t> Cada Estado Parte podrá modificar en cualquier momento la nómina de árbitros por él designados para conformar las listas de los artículos 10 y 12 del Protocolo de Brasilia. Sin embargo, a partir del momento en que un Estado Par</w:t></w:r><w:r><w:rPr><w:lang w:val="ES-AR"/></w:rPr><w:t>te haya comunicado a la Secretaría Administrativa su intención de recurrir al Procedimiento Arbitral, de acuerdo a lo dispuesto en el artículo 7 del Protocolo de Brasilia no podrá modificar, para ese caso, la lista comunicada con anterioridad a la Secretar</w:t></w:r><w:r><w:rPr><w:lang w:val="ES-AR"/></w:rPr><w:t>ía Administrativa del Mercosur. </w:t></w:r></w:p><w:p wsp:rsidR="00000000" wsp:rsidRDefault="00F6181E"><w:pPr><w:pStyle w:val="NormalWeb"/><w:rPr><w:lang w:val="ES-AR"/></w:rPr></w:pPr><w:r><w:rPr><w:b/><w:b-cs/><w:lang w:val="ES-AR"/></w:rPr><w:t>Artículo 15.</w:t></w:r><w:r><w:rPr><w:lang w:val="ES-AR"/></w:rPr><w:t> No podrán actuar como árbitros personas que hubieran intervenido bajo cualquier forma en las fases anteriores del procedimiento o que no tuvieran la necesaria independencia con relación a los Gobiernos de los E</w:t></w:r><w:r><w:rPr><w:lang w:val="ES-AR"/></w:rPr><w:t>stados Partes. </w:t></w:r></w:p><w:p wsp:rsidR="00000000" wsp:rsidRDefault="00F6181E"><w:pPr><w:pStyle w:val="NormalWeb"/><w:rPr><w:lang w:val="ES-AR"/></w:rPr></w:pPr><w:r><w:rPr><w:b/><w:b-cs/><w:lang w:val="ES-AR"/></w:rPr><w:t>Artículo 16.</w:t></w:r><w:r><w:rPr><w:lang w:val="ES-AR"/></w:rPr><w:t> Una vez designados los árbitros para actuar en un caso específico, el Director de la Secretaría Administrativa inmediatamente se contactará con los designados y les presentará una declaración del siguiente tenor, la cual deberá</w:t></w:r><w:r><w:rPr><w:lang w:val="ES-AR"/></w:rPr><w:t> ser firmada y devuelta por los mismos antes del inicio de sus trabajos: </w:t></w:r></w:p><w:p wsp:rsidR="00000000" wsp:rsidRDefault="00F6181E"><w:pPr><w:pStyle w:val="NormalWeb"/><w:rPr><w:lang w:val="ES-AR"/></w:rPr></w:pPr><w:r><w:rPr><w:lang w:val="ES-AR"/></w:rPr><w:t>"Aceptando la designación para actuar como árbitro, declaro no tener ningún interés en la controversia ni razón alguna para considerarme impedido en los términos del artículo 15 del </w:t></w:r><w:r><w:rPr><w:lang w:val="ES-AR"/></w:rPr><w:t>Reglamento del Protocolo de Brasilia para la Solución de Controversias, para integrar el Tribunal Arbitral constituido por el Mercosur para resolver la controversia entre... y ....". </w:t></w:r></w:p><w:p wsp:rsidR="00000000" wsp:rsidRDefault="00F6181E"><w:pPr><w:pStyle w:val="NormalWeb"/><w:rPr><w:lang w:val="ES-AR"/></w:rPr></w:pPr><w:r><w:rPr><w:lang w:val="ES-AR"/></w:rPr><w:t>"Me comprometo a mantener el carácter reservado de todas las informacion</w:t></w:r><w:r><w:rPr><w:lang w:val="ES-AR"/></w:rPr><w:t>es que vinieren a mi conocimiento en razón de mi participación en este procedimiento, así como el contenido de mi voto y del laudo arbitral". </w:t></w:r></w:p><w:p wsp:rsidR="00000000" wsp:rsidRDefault="00F6181E"><w:pPr><w:pStyle w:val="NormalWeb"/><w:rPr><w:lang w:val="ES-AR"/></w:rPr></w:pPr><w:r><w:rPr><w:lang w:val="ES-AR"/></w:rPr><w:t>"Me obligo asimismo, a juzgar con independencia, honestidad e imparcialidad y a no aceptar sugerencias o imposici</w:t></w:r><w:r><w:rPr><w:lang w:val="ES-AR"/></w:rPr><w:t>ones de terceros o de las partes, así como a no recibir ninguna remuneración relativa a esta actuación excepto aquella prevista en el Protocolo de Brasilia para la Solución de Controversias". </w:t></w:r></w:p><w:p wsp:rsidR="00000000" wsp:rsidRDefault="00F6181E"><w:pPr><w:pStyle w:val="NormalWeb"/><w:rPr><w:lang w:val="ES-AR"/></w:rPr></w:pPr><w:r><w:rPr><w:b/><w:b-cs/><w:lang w:val="ES-AR"/></w:rPr><w:t>Artículo 17.</w:t></w:r><w:r><w:rPr><w:lang w:val="ES-AR"/></w:rPr><w:t> El Presidente del Tribunal Arbitral será notificad</w:t></w:r><w:r><w:rPr><w:lang w:val="ES-AR"/></w:rPr><w:t>o por la Secretaría Administrativa de su designación, debiendo tal notificación ser efectuada de acuerdo con lo dispuesto en el artículo 9.2 (i) o con el artículo 12 del Protocolo de Brasilia. </w:t></w:r></w:p><w:p wsp:rsidR="00000000" wsp:rsidRDefault="00F6181E"><w:pPr><w:pStyle w:val="NormalWeb"/><w:rPr><w:lang w:val="ES-AR"/></w:rPr></w:pPr><w:r><w:rPr><w:b/><w:b-cs/><w:lang w:val="ES-AR"/></w:rPr><w:t>Artículo 18.</w:t></w:r><w:r><w:rPr><w:lang w:val="ES-AR"/></w:rPr><w:t> Todas las notificaciones que el Tribunal Arbitral</w:t></w:r><w:r><w:rPr><w:lang w:val="ES-AR"/></w:rPr><w:t> efectúe a los Estados Partes en la controversia serán dirigidas a los representantes designados conforme al artículo 17 del Protocolo de Brasilia. Hasta que los Estados Partes en la controversia designen sus representantes ante el Tribunal Arbitral, las n</w:t></w:r><w:r><w:rPr><w:lang w:val="ES-AR"/></w:rPr><w:t>otificaciones del Tribunal serán dirigidas a los respectivos Coordinadores Nacionales del Grupo Mercado Común. </w:t></w:r></w:p><w:p wsp:rsidR="00000000" wsp:rsidRDefault="00F6181E"><w:pPr><w:pStyle w:val="NormalWeb"/><w:rPr><w:lang w:val="ES-AR"/></w:rPr></w:pPr><w:r><w:rPr><w:b/><w:b-cs/><w:lang w:val="ES-AR"/></w:rPr><w:t>Artículo 19.</w:t></w:r><w:r><w:rPr><w:lang w:val="ES-AR"/></w:rPr><w:t> La Secretaría Administrativa proveerá, en la medida de lo posible, el soporte administrativo necesario para el desarrollo del proce</w:t></w:r><w:r><w:rPr><w:lang w:val="ES-AR"/></w:rPr><w:t>dimiento arbitral. </w:t></w:r></w:p><w:p wsp:rsidR="00000000" wsp:rsidRDefault="00F6181E"><w:pPr><w:pStyle w:val="NormalWeb"/><w:rPr><w:lang w:val="ES-AR"/></w:rPr></w:pPr><w:r><w:rPr><w:b/><w:b-cs/><w:lang w:val="ES-AR"/></w:rPr><w:t>Artículo 20.</w:t></w:r><w:r><w:rPr><w:lang w:val="ES-AR"/></w:rPr><w:t> El Tribunal Arbitral adoptará sus reglas de procedimiento en oportunidad de su primera reunión o antes, por comunicación entre sus miembros. En ambos casos el procedimiento acordado deberá ser notificado a las partes por in</w:t></w:r><w:r><w:rPr><w:lang w:val="ES-AR"/></w:rPr><w:t>termedio de la Secretaría Administrativa. </w:t></w:r></w:p><w:p wsp:rsidR="00000000" wsp:rsidRDefault="00F6181E"><w:pPr><w:pStyle w:val="NormalWeb"/><w:rPr><w:lang w:val="ES-AR"/></w:rPr></w:pPr><w:r><w:rPr><w:b/><w:b-cs/><w:lang w:val="ES-AR"/></w:rPr><w:t>Artículo 21.</w:t></w:r><w:r><w:rPr><w:lang w:val="ES-AR"/></w:rPr><w:t> En caso que el Tribunal Arbitral resuelva hacer uso de la prórroga de treinta (30) días a que se refiere el artículo 20.1 del Protocolo de Brasilia, notificará a las partes esta decisión. </w:t></w:r></w:p><w:p wsp:rsidR="00000000" wsp:rsidRDefault="00F6181E"><w:pPr><w:pStyle w:val="NormalWeb"/><w:rPr><w:lang w:val="ES-AR"/></w:rPr></w:pPr><w:r><w:rPr><w:b/><w:b-cs/><w:lang w:val="ES-AR"/></w:rPr><w:t>Artículo 22</w:t></w:r><w:r><w:rPr><w:b/><w:b-cs/><w:lang w:val="ES-AR"/></w:rPr><w:t>. </w:t></w:r><w:r><w:rPr><w:lang w:val="ES-AR"/></w:rPr><w:t>El laudo arbitral deberá ser emitido por escrito y deberá contener necesariamente los siguientes elementos, sin perjuicio de otros que el Tribunal Arbitral considere conveniente: </w:t></w:r></w:p><w:p wsp:rsidR="00000000" wsp:rsidRDefault="00F6181E"><w:pPr><w:pStyle w:val="NormalWeb"/><w:rPr><w:lang w:val="ES-AR"/></w:rPr></w:pPr><w:r><w:rPr><w:lang w:val="ES-AR"/></w:rPr><w:t>I. Indicación de los Estados Partes en la controversia;</w:t></w:r><w:r><w:rPr><w:lang w:val="ES-AR"/></w:rPr><w:br/><w:t>II. el nombre, la </w:t></w:r><w:r><w:rPr><w:lang w:val="ES-AR"/></w:rPr><w:t>nacionalidad de cada uno de los miembros del Tribunal Arbitral y la fecha de su conformación;</w:t></w:r><w:r><w:rPr><w:lang w:val="ES-AR"/></w:rPr><w:br/><w:t>III. los nombres de los representantes de las partes;</w:t></w:r><w:r><w:rPr><w:lang w:val="ES-AR"/></w:rPr><w:br/><w:t>IV. el objeto de la controversia;</w:t></w:r><w:r><w:rPr><w:lang w:val="ES-AR"/></w:rPr><w:br/><w:t>V. un informe del desarrollo del procedimiento arbitral, incluyendo un res</w:t></w:r><w:r><w:rPr><w:lang w:val="ES-AR"/></w:rPr><w:t>umen de los actos practicados y de las alegaciones de cada uno de los Estados Partes involucrados;</w:t></w:r><w:r><w:rPr><w:lang w:val="ES-AR"/></w:rPr><w:br/><w:t>VI. la decisión alcanzada con relación a la controversia, consignando los fundamentos de hecho y de derecho;</w:t></w:r><w:r><w:rPr><w:lang w:val="ES-AR"/></w:rPr><w:br/><w:t>VII. la proporción de los costos del procedimien</w:t></w:r><w:r><w:rPr><w:lang w:val="ES-AR"/></w:rPr><w:t>to arbitral que corresponderá cubrir a cada Estado Parte;</w:t></w:r><w:r><w:rPr><w:lang w:val="ES-AR"/></w:rPr><w:br/><w:t>VIII. la fecha y el lugar en que fue emitido; y</w:t></w:r><w:r><w:rPr><w:lang w:val="ES-AR"/></w:rPr><w:br/><w:t>IX. la firma de todos los miembros del Tribunal Arbitral.</w:t></w:r></w:p><w:p wsp:rsidR="00000000" wsp:rsidRDefault="00F6181E"><w:pPr><w:pStyle w:val="NormalWeb"/><w:rPr><w:lang w:val="ES-AR"/></w:rPr></w:pPr><w:r><w:rPr><w:b/><w:b-cs/><w:lang w:val="ES-AR"/></w:rPr><w:t>Artículo 23.</w:t></w:r><w:r><w:rPr><w:lang w:val="ES-AR"/></w:rPr><w:t> Los laudos arbitrales deberán ser publicados en el Boletín Oficial del MERCOSUR</w:t></w:r><w:r><w:rPr><w:lang w:val="ES-AR"/></w:rPr><w:t>, conforme a lo establecido en el artículo 39 del Protocolo de Ouro Preto. Artículo 24. Para su consideración por la Sección Nacional del Grupo Mercado Común, los reclamos de los particulares a que se refiere el artículo 26 del Protocolo de Brasilia deberá</w:t></w:r><w:r><w:rPr><w:lang w:val="ES-AR"/></w:rPr><w:t>n ser formulados por escrito, en términos claros y precisos e incluir en especial: </w:t></w:r></w:p><w:p wsp:rsidR="00000000" wsp:rsidRDefault="00F6181E"><w:pPr><w:pStyle w:val="NormalWeb"/><w:rPr><w:lang w:val="ES-AR"/></w:rPr></w:pPr><w:r><w:rPr><w:lang w:val="ES-AR"/></w:rPr><w:t>a.- la indicación de las medidas legales o administrativas que configurarían la violación alegada; </w:t></w:r></w:p><w:p wsp:rsidR="00000000" wsp:rsidRDefault="00F6181E"><w:pPr><w:pStyle w:val="NormalWeb"/><w:rPr><w:lang w:val="ES-AR"/></w:rPr></w:pPr><w:r><w:rPr><w:lang w:val="ES-AR"/></w:rPr><w:t>b.- la determinación de la existencia o de la amenaza de perjuicio; </w:t></w:r></w:p><w:p wsp:rsidR="00000000" wsp:rsidRDefault="00F6181E"><w:pPr><w:pStyle w:val="NormalWeb"/><w:rPr><w:lang w:val="ES-AR"/></w:rPr></w:pPr><w:r><w:rPr><w:lang w:val="ES-AR"/></w:rPr><w:t>c.-</w:t></w:r><w:r><w:rPr><w:lang w:val="ES-AR"/></w:rPr><w:t> los fundamentos jurídicos en que se basan; y </w:t></w:r></w:p><w:p wsp:rsidR="00000000" wsp:rsidRDefault="00F6181E"><w:pPr><w:pStyle w:val="NormalWeb"/><w:rPr><w:lang w:val="ES-AR"/></w:rPr></w:pPr><w:r><w:rPr><w:lang w:val="ES-AR"/></w:rPr><w:t>d.- la indicación de los elementos de prueba presentados. </w:t></w:r></w:p><w:p wsp:rsidR="00000000" wsp:rsidRDefault="00F6181E"><w:pPr><w:pStyle w:val="NormalWeb"/><w:rPr><w:lang w:val="ES-AR"/></w:rPr></w:pPr><w:r><w:rPr><w:b/><w:b-cs/><w:lang w:val="ES-AR"/></w:rPr><w:t>Artículo 25.</w:t></w:r><w:r><w:rPr><w:lang w:val="ES-AR"/></w:rPr><w:t> El Grupo Mercado Común recibirá el reclamo a que alude el artículo 29.1 del Protocolo de Brasilia en reunión ordinaria o extraordinaria y</w:t></w:r><w:r><w:rPr><w:lang w:val="ES-AR"/></w:rPr><w:t> lo evaluará en la primera reunión siguiente a su recepción. </w:t></w:r></w:p><w:p wsp:rsidR="00000000" wsp:rsidRDefault="00F6181E"><w:pPr><w:pStyle w:val="NormalWeb"/><w:rPr><w:lang w:val="ES-AR"/></w:rPr></w:pPr><w:r><w:rPr><w:b/><w:b-cs/><w:lang w:val="ES-AR"/></w:rPr><w:t>Artículo 26. </w:t></w:r><w:r><w:rPr><w:lang w:val="ES-AR"/></w:rPr><w:t>Para que el Grupo Mercado Común rechace el reclamo, conforme a lo previsto en el artículo 29.1 del Protocolo de Brasilia, deberá pronunciarse por consenso. No siendo rechazado el re</w:t></w:r><w:r><w:rPr><w:lang w:val="ES-AR"/></w:rPr><w:t>clamo, éste será considerado aceptado y el Grupo Mercado Común convocará de inmediato, a un grupo de expertos, en los términos del artículo 29.2 del Protocolo de Brasilia. </w:t></w:r></w:p><w:p wsp:rsidR="00000000" wsp:rsidRDefault="00F6181E"><w:pPr><w:pStyle w:val="NormalWeb"/><w:rPr><w:lang w:val="ES-AR"/></w:rPr></w:pPr><w:r><w:rPr><w:b/><w:b-cs/><w:lang w:val="ES-AR"/></w:rPr><w:t>Artículo 27.</w:t></w:r><w:r><w:rPr><w:lang w:val="ES-AR"/></w:rPr><w:t> La designación a que se refiere el artículo 30.1 del Protocolo de Bras</w:t></w:r><w:r><w:rPr><w:lang w:val="ES-AR"/></w:rPr><w:t>ilia deberá efectuarse en la reunión del Grupo Mercado Común en la cual se evalúe el reclamo. </w:t></w:r></w:p><w:p wsp:rsidR="00000000" wsp:rsidRDefault="00F6181E"><w:pPr><w:pStyle w:val="NormalWeb"/><w:rPr><w:lang w:val="ES-AR"/></w:rPr></w:pPr><w:r><w:rPr><w:b/><w:b-cs/><w:lang w:val="ES-AR"/></w:rPr><w:t>Artículo 28.</w:t></w:r><w:r><w:rPr><w:lang w:val="ES-AR"/></w:rPr><w:t> El objeto de las controversias entre Estados y de los reclamos iniciados a solicitud de los particulares quedará determinado por los escritos de pre</w:t></w:r><w:r><w:rPr><w:lang w:val="ES-AR"/></w:rPr><w:t>sentación y de respuesta, no pudiendo ser ampliado posteriormente. </w:t></w:r></w:p><w:p wsp:rsidR="00000000" wsp:rsidRDefault="00F6181E"><w:pPr><w:pStyle w:val="NormalWeb"/><w:rPr><w:lang w:val="ES-AR"/></w:rPr></w:pPr><w:r><w:rPr><w:b/><w:b-cs/><w:lang w:val="ES-AR"/></w:rPr><w:t>Artículo 29.</w:t></w:r><w:r><w:rPr><w:lang w:val="ES-AR"/></w:rPr><w:t> Los gastos de los expertos a que hacen referencia los artículos 4.3 y 31 del Protocolo de Brasilia comprenden la compensación pecuniaria por su actuación y los gastos de pasaj</w:t></w:r><w:r><w:rPr><w:lang w:val="ES-AR"/></w:rPr><w:t>es, costos de traslado, viáticos y otras erogaciones que demande su actuación. </w:t></w:r></w:p><w:p wsp:rsidR="00000000" wsp:rsidRDefault="00F6181E"><w:pPr><w:pStyle w:val="NormalWeb"/><w:rPr><w:lang w:val="ES-AR"/></w:rPr></w:pPr><w:r><w:rPr><w:b/><w:b-cs/><w:lang w:val="ES-AR"/></w:rPr><w:t>Artículo 30. </w:t></w:r><w:r><w:rPr><w:lang w:val="ES-AR"/></w:rPr><w:t>La compensación pecuniaria de los expertos a que hace referencia el artículo anterior será acordada por los Estados involucrados y convenida con los expertos en un</w:t></w:r><w:r><w:rPr><w:lang w:val="ES-AR"/></w:rPr><w:t> plazo que no podrá superar los cinco (5) días siguientes a su designación. </w:t></w:r></w:p><w:p wsp:rsidR="00000000" wsp:rsidRDefault="00F6181E"><w:pPr><w:pStyle w:val="NormalWeb"/><w:rPr><w:lang w:val="ES-AR"/></w:rPr></w:pPr><w:r><w:rPr><w:b/><w:b-cs/><w:lang w:val="ES-AR"/></w:rPr><w:t>Artículo 31.</w:t></w:r><w:r><w:rPr><w:lang w:val="ES-AR"/></w:rPr><w:t> Los gastos del Tribunal Arbitral comprenden la compensación pecuniaria del Presidente y de los demás árbitros así como los gastos de pasajes, costos de traslado, viát</w:t></w:r><w:r><w:rPr><w:lang w:val="ES-AR"/></w:rPr><w:t>icos, notificaciones y demás erogaciones que demande el arbitraje. </w:t></w:r></w:p><w:p wsp:rsidR="00000000" wsp:rsidRDefault="00F6181E"><w:pPr><w:pStyle w:val="NormalWeb"/><w:rPr><w:lang w:val="ES-AR"/></w:rPr></w:pPr><w:r><w:rPr><w:b/><w:b-cs/><w:lang w:val="ES-AR"/></w:rPr><w:t>Artículo 32.</w:t></w:r><w:r><w:rPr><w:lang w:val="ES-AR"/></w:rPr><w:t> La compensación pecuniaria del Presidente del Tribunal Arbitral a que se refiere el artículo 24.2 del Protocolo de Brasilia, así como la que corresponde a cada uno de los demá</w:t></w:r><w:r><w:rPr><w:lang w:val="ES-AR"/></w:rPr><w:t>s árbitros, será acordada por los Estados Partes en la controversia y convenida con los árbitros en un plazo que no podrá superar los cinco (5) días siguientes a la designación del Presidente del Tribunal. </w:t></w:r></w:p><w:p wsp:rsidR="00000000" wsp:rsidRDefault="00F6181E"><w:pPr><w:pStyle w:val="NormalWeb"/><w:rPr><w:lang w:val="ES-AR"/></w:rPr></w:pPr><w:r><w:rPr><w:b/><w:b-cs/><w:lang w:val="ES-AR"/></w:rPr><w:t>Artículo 33.</w:t></w:r><w:r><w:rPr><w:lang w:val="ES-AR"/></w:rPr><w:t> Periódicamente el Grupo Mercado Comú</w:t></w:r><w:r><w:rPr><w:lang w:val="ES-AR"/></w:rPr><w:t>n establecerá montos de referencia para determinar la compensación pecuniaria de los árbitros y expertos así como parámetros para definir los gastos de traslado, viáticos y demás erogaciones. </w:t></w:r></w:p><w:p wsp:rsidR="00000000" wsp:rsidRDefault="00F6181E"><w:pPr><w:pStyle w:val="NormalWeb"/><w:rPr><w:lang w:val="ES-AR"/></w:rPr></w:pPr><w:r><w:rPr><w:b/><w:b-cs/><w:lang w:val="ES-AR"/></w:rPr><w:t>Artículo 34. </w:t></w:r><w:r><w:rPr><w:lang w:val="ES-AR"/></w:rPr><w:t>Para hacer efectivo el pago de la compensación pec</w:t></w:r><w:r><w:rPr><w:lang w:val="ES-AR"/></w:rPr><w:t>uniaria de los árbitros y de los expertos, así como de los otros gastos que se hubieran devengado, deberán presentarse los recibos, comprobantes o facturas correspondientes. </w:t></w:r></w:p><w:p wsp:rsidR="00000000" wsp:rsidRDefault="00F6181E"><w:pPr><w:pStyle w:val="NormalWeb"/><w:rPr><w:lang w:val="ES-AR"/></w:rPr></w:pPr><w:r><w:rPr><w:b/><w:b-cs/><w:lang w:val="ES-AR"/></w:rPr><w:t>Artículo 35.</w:t></w:r><w:r><w:rPr><w:lang w:val="ES-AR"/></w:rPr><w:t> El dictamen del grupo de expertos a que hace referencia el artículo </w:t></w:r><w:r><w:rPr><w:lang w:val="ES-AR"/></w:rPr><w:t>32 del Protocolo de Brasilia deberá ser emitido por unanimidad. </w:t></w:r></w:p><w:p wsp:rsidR="00000000" wsp:rsidRDefault="00F6181E"><w:pPr><w:pStyle w:val="NormalWeb"/><w:rPr><w:lang w:val="ES-AR"/></w:rPr></w:pPr><w:r><w:rPr><w:b/><w:b-cs/><w:lang w:val="ES-AR"/></w:rPr><w:t>Artículo 36.</w:t></w:r><w:r><w:rPr><w:lang w:val="ES-AR"/></w:rPr><w:t> Recibido el dictamen que considere improcedente el reclamo, el Grupo Mercado Común dará de inmediato por concluido el mismo en el ámbito del Capítulo V del Protocolo de Brasilia.</w:t></w:r><w:r><w:rPr><w:lang w:val="ES-AR"/></w:rPr><w:t> </w:t></w:r></w:p><w:p wsp:rsidR="00000000" wsp:rsidRDefault="00F6181E"><w:pPr><w:pStyle w:val="NormalWeb"/><w:rPr><w:lang w:val="ES-AR"/></w:rPr></w:pPr><w:r><w:rPr><w:b/><w:b-cs/><w:lang w:val="ES-AR"/></w:rPr><w:t>Artículo 37.</w:t></w:r><w:r><w:rPr><w:lang w:val="ES-AR"/></w:rPr><w:t> En caso de que el grupo de expertos no alcance unanimidad para emitir un dictamen, elevará sus distintas conclusiones al Grupo Mercado Común, que dará de inmediato por concluido el reclamo en el ámbito del Capítulo V del Protocolo de Brasili</w:t></w:r><w:r><w:rPr><w:lang w:val="ES-AR"/></w:rPr><w:t>a. </w:t></w:r></w:p><w:p wsp:rsidR="00000000" wsp:rsidRDefault="00F6181E"><w:pPr><w:pStyle w:val="NormalWeb"/><w:rPr><w:lang w:val="ES-AR"/></w:rPr></w:pPr><w:r><w:rPr><w:b/><w:b-cs/><w:lang w:val="ES-AR"/></w:rPr><w:t>Artículo 38.</w:t></w:r><w:r><w:rPr><w:lang w:val="ES-AR"/></w:rPr><w:t> La conclusión del reclamo por parte del Grupo Mercado Común, en los términos de los artículos 36 y 37 del presente Reglamento, no impedirá que la parte reclamante dé inicio al procedimiento previsto en los Capí</w:t></w:r><w:r><w:rPr><w:lang w:val="ES-AR"/></w:rPr><w:t>tulos II, III y IV del Protocolo de Brasilia. </w:t></w:r></w:p><w:p wsp:rsidR="00000000" wsp:rsidRDefault="00F6181E"><w:pPr><w:pStyle w:val="NormalWeb"/><w:rPr><w:lang w:val="ES-AR"/></w:rPr></w:pPr><w:r><w:rPr><w:b/><w:b-cs/><w:lang w:val="ES-AR"/></w:rPr><w:t>Artículo 39. </w:t></w:r><w:r><w:rPr><w:lang w:val="ES-AR"/></w:rPr><w:t>Los plazos establecidos en el Protocolo de Brasilia y en el presente Reglamento se contarán por días corridos. </w:t></w:r></w:p><w:p wsp:rsidR="00000000" wsp:rsidRDefault="00F6181E"><w:pPr><w:pStyle w:val="NormalWeb"/><w:rPr><w:lang w:val="ES-AR"/></w:rPr></w:pPr><w:r><w:rPr><w:b/><w:b-cs/><w:lang w:val="ES-AR"/></w:rPr><w:t>Artículo 40.</w:t></w:r><w:r><w:rPr><w:lang w:val="ES-AR"/></w:rPr><w:t> Las comunicaciones a que se refiere el Protocolo de Brasilia y este Reg</w:t></w:r><w:r><w:rPr><w:lang w:val="ES-AR"/></w:rPr><w:t>lamento se realizarán por medios idóneos y requerirán confirmación de recibo. </w:t></w:r></w:p><w:p wsp:rsidR="00000000" wsp:rsidRDefault="00F6181E"><w:pPr><w:pStyle w:val="NormalWeb"/><w:rPr><w:lang w:val="ES-AR"/></w:rPr></w:pPr><w:r><w:rPr><w:b/><w:b-cs/><w:lang w:val="ES-AR"/></w:rPr><w:t>Artículo 41.</w:t></w:r><w:r><w:rPr><w:lang w:val="ES-AR"/></w:rPr><w:t> Toda la documentación y las actuaciones vinculadas a los procedimientos establecidos en el Protocolo de Brasilia y en este Reglamento, así como las sesiones del Tri</w:t></w:r><w:r><w:rPr><w:lang w:val="ES-AR"/></w:rPr><w:t>bunal Arbitral, tendrán carácter reservado, excepto los laudos del Tribunal Arbitral. </w:t></w:r></w:p><w:p wsp:rsidR="00000000" wsp:rsidRDefault="00F6181E"><w:pPr><w:pStyle w:val="NormalWeb"/><w:rPr><w:lang w:val="ES-AR"/></w:rPr></w:pPr><w:r><w:rPr><w:b/><w:b-cs/><w:lang w:val="ES-AR"/></w:rPr><w:t>Artículo 42.</w:t></w:r><w:r><w:rPr><w:lang w:val="ES-AR"/></w:rPr><w:t> En cualquier etapa de los procedimientos, la parte que presentó la controversia o el reclamo podrá desistir del mismo, o las partes involucradas podrán lleg</w:t></w:r><w:r><w:rPr><w:lang w:val="ES-AR"/></w:rPr><w:t>ar a una transacción, dándose por concluida la controversia o el reclamo en ambos casos. Los desistimientos o las transacciones deberán ser comunicados al Grupo Mercado Común o al Tribunal Arbitral, según el caso, a efectos de que se adopten las medidas ne</w:t></w:r><w:r><w:rPr><w:lang w:val="ES-AR"/></w:rPr><w:t>cesarias que correspondan."</w:t></w:r></w:p><w:p wsp:rsidR="00000000" wsp:rsidRDefault="00980966"><w:pPr><w:rPr><w:lang w:val="ES-AR"/></w:rPr></w:pPr><w:r><w:rPr><w:lang w:val="ES-AR"/></w:rPr><w:pict><v:rect id="_x0000_i1025" style="width:0;height:1.5pt" o:hralign="center" o:hrstd="t" o:hr="t" fillcolor="#aca899" stroked="f"/></w:pict></w:r></w:p><w:p wsp:rsidR="00F6181E" wsp:rsidRDefault="00F6181E"><w:pPr><w:pStyle w:val="NormalWeb"/><w:jc w:val="center"/><w:rPr><w:lang w:val="ES-AR"/></w:rPr></w:pPr><w:r><w:rPr><w:lang w:val="ES-AR"/></w:rPr><w:t> </w:t></w:r></w:p><w:sectPr wsp:rsidR="00F6181E"><w:pgSz w:w="11906" w:h="16838"/><w:pgMar w:top="1417" w:right="1701" w:bottom="1417" w:left="1701" w:header="708" w:footer="708" w:gutter="0"/><w:cols w:space="708"/><w:docGrid w:line-pitch="360"/></w:sectPr></wx:sect></w:body></w:wordDocument>